ID,Title,Work Item Type,System.AreaPath,System.IterationPath,Microsoft.VSTS.Common.Priority,Microsoft.VSTS.Scheduling.StoryPoints
2715757,508: [AdvanceFlow] [1.4.10] [Communications Tab]: 400% zoom test fails,Bug,,,,5
2715758,508: [AdvanceFlow] [1.4.4] [Communications Tab]: Contents get cut in 200% zoom,Bug,,,,3
2715771,508: [AdvanceFlow] [2.1.1] [Communications Tab]: Checkboxes are not operable with JAWS and keyboard,Bug,,,,2
2715781,508: [AdvanceFlow] [3.3.2] [Communications Tab]: JAWS fails to announce the number of items in the list in the dropdown,Bug,,,,2
3075521,508: [Cloud Audit Suite] [EPC] [1.4.12] [Workpapers]: The content on the page is getting truncated because of text spacing,Bug,,,,2
3075523,508: [Cloud Audit Suite] [EPC] [2.4.1] [Workpapers]: Skip Links are not defined on the page.,Bug,,,,2
3075524,508: [Cloud Audit Suite] [EPC] [2.4.7] [Workpapers]: Focus is not visible for buttons.,Bug,,,,2
3075525,508: [Cloud Audit Suite] [EPC] [2.1.1] [Workpapers]: Tooltip information is not visible once the keyboard focuses triggers.,Bug,,,,2
3075529,"508: [Cloud Audit Suite] [EPC] [2.1.1] [Workpapers]: B, I, U are Not accessible using keyboard.",Bug,,,,3
3075531,508: [Cloud Audit Suite] [EPC] [4.1.2] [Workpapers]: Ensures buttons have discernible text,Bug,,,,2
3075533,508: [Cloud Audit Suite] [EPC] [4.1.2] [Workpapers]: Ensures links have discernible text,Bug,,,,2
3075534,508: [Cloud Audit Suite] [EPC] [2.1.1] [Workpapers]: Checkboxes not accessible using the keyboard.,Bug,,,,3
3075535,508: [Cloud Audit Suite] [EPC] [1.4.10] [Workpapers]: Content is getting overlapped after resizing the page to 400% zoom.,Bug,,,,5
3075536,508: [Cloud Audit Suite] [EPC] [1.4.10] [Workpapers]:Ensure pages reflow without loss of content or functionality,Bug,,,,5
3075537,508: [Cloud Audit Suite] [EPC] [TR Standard] [Workpapers]: Expanded list items are not getting closed esc key.,Bug,,,,
3075542,508: [Cloud Audit Suite] [EPC] [1.3.1] [Workpapers]: The modal heading should be given as H2 level.,Bug,,,,2
3075546,508: [Cloud Audit Suite] [EPC] [1.3.1] [Workpapers]: Form inputs do not have properly associated labels in reports section.,Bug,,,,3
3075548,508: [Cloud Audit Suite] [EPC] [1.3.1] [Workpapers]: NVDA is not announcing the label associated with the form Field.,Bug,,,,3
3075554,508: [Cloud Audit Suite] [EPC] [1.3.1] [Workpapers]: List items in drop down menus are not getting conveyed to the screen reader user.,Bug,,,,3
3075555,508: [Cloud Audit Suite] [EPC] [1.4.11] [Workpapers]: Focus Indicator for datepicker doesn’t meet the required contrast ratio of 3:1,Bug,,,,2
3075556,508: [Cloud Audit Suite] [EPC] [4.1.2] [Workpapers]: Datepicker needs discernible text,Bug,,,,2
3075558,508: [Cloud Audit Suite] [EPC] [1.4.11] [Workpapers]: Close button doesn’t meet the required contrast ratio of 3:1.,Bug,,,,2
3075559,508: [Cloud Audit Suite] [EPC] [1.3.1] [Workpapers]: Multiple H1 heading is defined on the page.,Bug,,,,2
3075560,508: [Cloud Audit Suite] [EPC] [4.1.2] [Workpapers]: Radio buttons should be tab panel,Bug,,,,3
3075565,508: [Cloud Audit Suite] [EPC] [1.3.1] [Workpapers]: NVDA is announcing a non-interactive element. Focus also moves to said element.,Bug,,,,2
3075566,508: [Cloud Audit Suite] [EPC] [1.4.11] [Workpapers]: Insufficient color contrast for button text on hover.,Bug,,,,2
3075567,508: [Cloud Audit Suite] [EPC] [2.4.7] [Workpapers]: Focus is not visible for 'Add' menu items in in 'Workpapers',Bug,,,,2
3075570,508: [Cloud Audit Suite] [EPC] [4.1.2] [Workpapers]: Items in 'Assigned to' drop down are not being announced via screen reader.,Bug,,,,3
3075571,508: [Cloud Audit Suite] [EPC] [TR Standard] [Workpapers]: Main content area missing landmark,Bug,,,,2
3075572,508: [Cloud Audit Suite] [EPC] [2.1.1] [Workpapers]: 'view properties' link is inaccessible with keyboard.,Bug,,,,2
3075581,508: [Cloud Audit Suite] [EPC] [1.3.1] [Workpapers]: Multiple H1 present in Bento Wizard implementation,Bug,,,,2
3075585,508: [Cloud Audit Suite] [EPC] [2.1.1] [Workpapers]: Table is not accessible using the keyboard.,Bug,,,,5
3075586,508: [Cloud Audit Suite] [EPC] [2.4.3] [Workpapers]: Focus is Moving twice to During Finalize field in add workpaper wizard,Bug,,,,3
3075592,"508: [Cloud Audit Suite] [EPC] [4.1.2] [Workpapers]: Ensure every ARIA button, link and menu item has an accessible name",Bug,,,,2
3075593,508: [Cloud Audit Suite] [EPC] [2.4.3] [Workpapers]: Keyboard focus is not moving in the correct order format.,Bug,,,,3
3075599,"508: [Cloud Audit Suite] [EPC] [4.1.2] [Workpapers]: NVDA is not properly announcing the links in the hamburger ""LINKS"" menu.",Bug,,,,2
3075602,508: [Cloud Audit Suite] [EPC] [2.1.1] [Workpapers]: List of filter options in the 'Trial Balance' section is not keyboard operable.,Bug,,,,3
3075603,508: [Cloud Audit Suite] [EPC] [1.3.1] [Workpapers]: Nested table in Trial Balance filter dialog,Bug,,,,2
3075604,508: [Cloud Audit Suite] [EPC] [1.3.1] [Workpapers]: Provide a valid label for form fields,Bug,,,,2
3075605,508: [Cloud Audit Suite] [EPC] [2.1.1] [Workpapers]:Table Headers are not accessible using the keyboard.,Bug,,,,3
3075607,508: [Cloud Audit Suite] [EPC] [2.4.3] [Workpapers]: Focus is moving out the dialog.,Bug,,,,3
3075609,508: [Cloud Audit Suite] [EPC] [4.1.3] [Workpapers]: Status message is not appeared after clicking on save and more button.,Bug,,,,3
3075610,508: [Cloud Audit Suite] [EPC] [1.3.1] [Workpapers]: NVDA is not announcing the dialog Information.,Bug,,,,3
3075611,508: [Cloud Audit Suite] [EPC] [3.3.2] [Workpapers]: NVDA is not announcing the error message displayed on the screen.,Bug,,,,3
3075612,508: [Cloud Audit Suite] [EPC] [2.1.1] [Workpapers]: Expand button in Trial Balance section is not operable using keyboard.,Bug,,,,3
3075614,508: [Cloud Audit Suite] [EPC] [1.4.3] [Workpapers]: Ensures the contrast between foreground and background colors meets WCAG 2 AA contrast ratio thresholds,Bug,,,,2
3075615,508: [Cloud Audit Suite] [EPC] [2.1.1] [Workpapers]: Attach button is not operable using keyboard.,Bug,,,,3
3075616,508: [Cloud Audit Suite] [EPC] [2.1.2] [Workpapers]: Ensure keyboard focus is not trapped,Bug,,,,3
3075617,508: [Cloud Audit Suite] [EPC] [4.1.2] [Workpapers]: Provide a valid label name for check box,Bug,,,,2
3075618,508: [Cloud Audit Suite] [EPC] [2.4.7] [Workpapers]: Visual focus indicator should be provided for menu button.,Bug,,,,3
3075620,508: [Cloud Audit Suite] [EPC] [4.1.3] [Workpapers]: NVDA is not announcing the new page information displayed on the screen.,Bug,,,,2
3075621,508: [Cloud Audit Suite] [EPC] [2.4.3] [Workpapers]: Keyboard focus is inconsistently visible,Bug,,,,3
3075622,508: [Cloud Audit Suite] [EPC] [4.1.2] [Workpapers]: NVDA is not narrating the descriptive information for the buttons.,Bug,,,,2
3075624,508: [Cloud Audit Suite] [EPC] [1.3.1] [Workpapers]: List value information is not announcing while using arrow keys,Bug,,,,2
3077019,"508: [Cloud Audit Suite] [EPC] [3.3.2] [Under Engagement, Add and Manage]: Permanent visual label is not provided for the Filter client name and filter client number",Bug,,,,2
3077021,"508: [Cloud Audit Suite] [EPC] [2.4.7] [Under Engagement, Add and Manage]: Interactive client table does not receive focus, nor is it keyboard operable",Bug,,,,3
3077022,"508: [Cloud Audit Suite] [EPC] [1.3.1] [Under Engagement, Add and Manage]: Multiple heading level 1 is present on the page",Bug,,,,2
3077024,"508: [Cloud Audit Suite] [EPC] [2.1.1] [Under Engagement, Add and Manage]: Engagement >  Engagement Recycle Bin does not receive focus, nor is the element keyboard operable",Bug,,,,3
3077025,"508: [Cloud Audit Suite] [EPC] [2.4.3] [Under Engagement, Add and Manage]: Engagement > Incorrect focus order is found on Left navigation menu.",Bug,,,,3
3077026,"508: [Cloud Audit Suite] [EPC] [1.3.1] [Under Engagement, Add and Manage]: 'Add Note' modal not tagged as heading",Bug,,,,2
3077027,"508: [Cloud Audit Suite] [EPC] [2.4.7] [Under Engagement, Add and Manage]: Add note: ""View properties"" does not receive focus/is not keyboard accessible,",Bug,,,,3
3077028,"508: [Cloud Audit Suite] [EPC] [4.1.2] [Under Engagement, Add and Manage]: Add note : No role is provided for ""View properties""",Bug,,,,2
3077029,"508: [Cloud Audit Suite] [EPC] [1.3.1] [Under Engagement, Add and Manage]: Add > Add engagement > Engagement source > Hidden content is read by the screen reader.",Bug,,,,2
3077030,"508: [Cloud Audit Suite] [EPC] [1.3.1] [Under Engagement, Add and Manage]: Add > Add engagement > Engagement information > Incorrect heading hierarchy",Bug,,,,2
3077032,"508: [Cloud Audit Suite] [EPC] [1.4.10] [Under Engagement, Add and Manage]: Add> Manage > Manage engagement : After 400% browser zoom data overlapping and truncation is observed.",Bug,,,,5
3077033,"508: [Cloud Audit Suite] [EPC] [4.1.2] [Under Engagement, Add and Manage]: Engagement > Properties : Incorrect role radio button is provided instead of tab",Bug,,,,2
3077437,"508: [Cloud Audit Suite] [EPC] [2.4.7] [Under Engagement, Add and Manage]: Add> Add engagement > Account grouping: Account grouping check box has no visible focus",Bug,,,,3
3077443,"508: [Cloud Audit Suite] [EPC] [1.3.1][Under Engagement, Add and Manage]: Engagement > Manage > Send to pdf: Multiple heading level 1 is present on the page",Bug,,,,2
3077452,"508: [Cloud Audit Suite] [EPC] [1.4.4] [Under Engagement, Add and Manage]: Add> Manage > Properties > Content:After 200% browser zoom data overlapping is observed.",Bug,,,,5
3077458,"508: [Cloud Audit Suite] [EPC] [1.4.4] [Under Engagement, Add and Manage]:  After 200% browser zoom, data truncation is observed.",Bug,,,,5
3088463,"508: [Cloud Audit Suite] [EPC] [2.4.3] [Under Engagement, Add and Manage]: When leaving the 'Add Note"" modal, focus does not move back to the trigger control",Bug,,,,3
3088618,"508: [Cloud Audit Suite] [EPC] [2.4.7] [Under Engagement, Add and Manage]: Engagement > Visible focus is not consistent",Bug,,,,3
3089377,508: [Cloud Audit Suite] [EPC] [4.1.2] [Workpapers]: Combo boxes throughout Workpapers 'Create Report' section are missing labels,Bug,,,,2
3136845,[AF] [Communications] [Create Request] [508] not meeting reflow/magnification standard,User Story,,,,5
3143533,[AF] [General] [508] Spike: Assess options to meet magnification and reflow standards,User Story,,,,8
3149770,[AF] [Communications] [Create Request] [508] Spike: Assess options to meet magnification and reflow standards,User Story,,,,5
3285381,508: [Cloud Audit Suite] [Client Collaboration Microsite] [1.3.1]: Unnecessary use of heading elements is defined on the page.,Bug,,,,2
3285575,"508: [Cloud Audit Suite] [Client Collaboration Microsite] [TR Standard]: Ensure ARIA regions, landmarks, and HTML sections are identifiable.",Bug,,,,2
3285622,508: [Cloud Audit Suite] [Client Collaboration Microsite] [1.3.2]: NVDA is announcing some hidden content information when navigating using arrow keys.,Bug,,,,2
3382577,508: {QED:US}:accessibility issue on communication screen (based on screen resolution),Bug,,,,5
3508897,508: [AdvanceFlow] [Header] [2.4.1]: Skip to main content is not present on the page.,Bug,,,,3
3508898,508: [AdvanceFlow] [Header] [TR Standard]:H1 Heading is not defined on the page.,Bug,,,,2
3508899,508: [AdvanceFlow] [Header] [2.4.3]: After closing the setup dialog the keyboard focus is visible on add new engagement button.,Bug,,,,3
3508902,508: [AdvanceFlow] [Header] [2.4.3]: On closing the more option button with Esc key the whole dialog is getting closed.,Bug,,,,3
3508906,508: [AdvanceFlow] [Manage Users] [1.4.11]: Focus Indicator for Action button is not meeting the required ratio of 3:1.,Bug,,,,2
3508907,508: [AdvanceFlow] [Manage Users] [1.4.11]: Focus Indicator for Checkbox is not meeting the required ratio of 3:1.,Bug,,,,2
3508908,508: [AdvanceFlow] [Manage Users] [1.3.1]: Provide an accessible name for search field.,Bug,,,,2
3508909,508: [AdvanceFlow] [Manage Users] [1.1.1]: NVDA is not announcing the name of the search button.,Bug,,,,2
3508910,508: [AdvanceFlow] [Manage Users] [1.3.1]: NVDA is not announcing the Label associated with the check box.,Bug,,,,2
3508911,508: [AdvanceFlow] [Manage Users] [TR Standard]: NVDA is announcing required field incorrectly.,Bug,,,,2
3508912,508: [AdvanceFlow] [Manage Users] [4.1.2]: NVDA is not announcing the label associated with combo box,Bug,,,,2
3508913,508: [AdvanceFlow] [Manage Users] [1.3.1]:  Switch off button are not Grouped with instruction.,Bug,,,,2
3508914,508: [AdvanceFlow] [Manage Users] [3.3.2]: Avoid placeholder values to explain the input.,Bug,,,,2
3508915,508: [AdvanceFlow] [Manage Users] [4.1.2]: NVDA is not announcing the name of the calendar button.,Bug,,,,2
3508916,508: [AdvanceFlow] [Manage Users] [4.1.13]: NVDA is not announcing the search results information.,Bug,,,,2
3508917,508: [AdvanceFlow] [Manage Users] [4.1.2]: NVDA is not announcing the label associated with switch of button.,Bug,,,,2
3508918,508: [AdvanceFlow] [Engagement Dashboard] [2.1.1]: Checkboxes are not accessible using expected keyboard interactions.,Bug,,,,3
3508919,508: [AdvanceFlow] [Engagement Dashboard] [2.1.2]: Unable to move forward from the close button in manage columns dialog.,Bug,,,,3
3508920,508: [AdvanceFlow] [Engagement Dashboard] [4.1.2]: Add Note dialog needs accessible name and proper H2,Bug,,,,2
3508921,508: [AdvanceFlow] [Header] [1.4.10]: On resizing the page to 400% zoom the table header are truncated.,Bug,,,,3
3508922,508: [AdvanceFlow] [Engagement Dashboard] [2.4.3]: Keyboard focus is going to the hidden elemet present on the page.,Bug,,,,3
3508923,508: [AdvanceFlow] [Engagement Dashboard] [2.4.7]: keyboard focus is not visible for Filter by value and filter by condition.,Bug,,,,3
3508924,508: [AdvanceFlow] [Engagement Dashboard] [2.4.7]: Keyboard focus is not visible for 'select all' check box.,Bug,,,,3
3508925,508: [AdvanceFlow] [Engagement Dashboard] [2.4.7]: Keyboard focus is very faint for the Apply button.,Bug,,,,
3508926,508: [AdvanceFlow] [Engagement Dashboard][4.1.2]: NVDA is announcing the incorrect role information for Filter by value and filter by condition.,Bug,,,,
3508927,508: [AdvanceFlow] [Engagement Dashboard] [2.1.1]: Show item per value drop down is not getting expanded using enter or space key.,Bug,,,,
3508928,508: [AdvanceFlow] [Engagement Dashboard] [2.1.1]: View properties link is not accessible using keyboard.,Bug,,,,
3508929,508: [AdvanceFlow] [Engagement Dashboard] [2.1.1]: Quick insert button not accessible using keyboard.,Bug,,,,
3508930,508: [AdvanceFlow] [Manage Users] [4.1.2]: NVDA is not announcing the label associated with Priority and Status combo boxes. The elements have explicit <label>s that are hidden.,Bug,,,,
3508931,508: [AdvanceFlow] [Manage Users] [4.1.2]: the NVDA is not announcing the name of the Note field,Bug,,,,
3508934,508: [AdvanceFlow] [Manage Users] [1.4.3]: Blue text with blue background doesnot meet the required contrast ratio of 4.5:1.,Bug,,,,
3508935,508: [AdvanceFlow] [Manage Users] [1.4.11]: Focus Indicator for Month and Year control doesnot meet the required ratio of 3:1.,Bug,,,,
3508947,508: [AdvanceFlow] [Manage Users] [1.4.3]: White text with blue background doesnot meet the required contrast ratio of 4.5:1.,Bug,,,,
3508948,508: [AdvanceFlow] [Engagement Dashboard] [1.4.11]: Close button in the dialog does not meet the required ratio of 3:1,Bug,,,,
3510251,508: [AdvanceFlow] [Create request] [1.4.11]: Color contrast ratio is not sufficient for + icon,Bug,,,,3
3510253,508: [AdvanceFlow] [Create request] [4.1.2]: Incorrect role button is provided instead of link to add new,Bug,,,,3
3510254,508: [AdvanceFlow] [Create request] [1.3.1]: Unnecessary bread crumb is announced with 'Add new' button.,Bug,,,,2
3510255,508: [AdvanceFlow] [Create request] [4.1.2]: Advance option Expand/ Collapse state is not announced by screen reader,Bug,,,,2
3510256,508: [AdvanceFlow] [Create request] [2.5.3]: Tooltips for Attach document and add comment should be hidden from assistive technology.,Bug,,,,2
3510257,508: [AdvanceFlow] [Side Navigation] [4.1.2]: Current linked page is not announced by screen reader in sid nav.,Bug,,,,2
3510259,508: [AdvanceFlow] [Side navigation] [1.3.1]: Properties tab in Side navigation menu needs indication of it's expanded/collapsed state.,Bug,,,,2
3510260,508: [AdvanceFlow] [Side navigation] [1.3.1]: Expand collapse state is not announced by screen reader for Administration submenu in the side navigation.,Bug,,,,2
3510262,508: [AdvanceFlow] [Create request] [2.4.7]: Focus outline is not visible properly on select client contact dropdown,Bug,,,,3
3510263,508: [AdvanceFlow] [Create request] [2.4.7]: Focus outline is not visible on close button,Bug,,,,3
3510264,508: [AdvanceFlow] [Create request] [2.4.7]: Focus is not visible on Set default email reminders,Bug,,,,3
3510265,508: [AdvanceFlow] [Create request] [3.3.2]: Visual label does not match with screen reader announcement,Bug,,,,2
3510267,508: [AdvanceFlow] [Create request] [1.3.1]: Visual label is not associated with search edit field in 'Create from Template' modal.,Bug,,,,2
3510268,"508: [AdvanceFlow] [Create request] [1.3.1]: Visual label for include in 'roll forward', 'Opt out of staff email updates' and 'required password' are not associated with toggle switch.",Bug,,,,2
3510271,508: [AdvanceFlow] [Create request] [2.1.1]: Breadcrumb menu Drop-down is not accessible for keyboard users,Bug,,,,3
3510272,508: [AdvanceFlow] [Create request] [2.1.1]: Search edit Clear 'X' is not accessible for keyboard user in the 'Create from Template' modal,Bug,,,,3
3510273,508: [AdvanceFlow] [Create request] [2.1.2]: Tab focus gets trapped at days and does not move forward,Bug,,,,3
3510274,508: [AdvanceFlow] [Create request] [2.4.7]: When opening the 'Create New Request'  button and navigating with the up/down arrows (an expected keyboard interaction) focus disappears but remains visible when using the tab key.,Bug,,,,3
3510275,508: [AdvanceFlow] [Create request] [TR Ideal]: Heading level 1 is not defined on the page.,Bug,,,,2
3510278,"508: [AdvanceFlow] [Create request] [1.3.1]: Attach work paper, Attach document, Add comment buttons are headings.",Bug,,,,2
3510279,508: [AdvanceFlow] [Create request] [TR Standard]: Create from template is not tagged as heading,Bug,,,,2
3510281,508: [AdvanceFlow] [Create request] [1.4.10]: Data overlapping occurs after 400% browser zoom at Side navigation and main region of communication tab,Bug,,,,5
3510282,508: [AdvanceFlow] [Create request] [1.4.10]: Main content area of communication tab is not visible properly after 400% browser zoom,Bug,,,,5
3510286,508: [AdvanceFlow] [Create request] [1.4.10]: Create request main area is not visible after 400% browser zoom,Bug,,,,5
3538216,508: [AdvanceFlow] [Client Communication Template] [4.1.2]: Create from template modal needs accessible name,Bug,,,,2
3538247,508: [AdvanceFlow] [Client Communication Template] [1.4.1]: Change in color alone is used for visual indicator on 'x' close button,Bug,,,,2
3538277,508: [AdvanceFlow] [Client Communication Template] [1.3.1]: Search input needs explicitly associated label,Bug,,,,2
3538305,508: [AdvanceFlow] [Client Communication Template] [1.3.1]: Text in template preview pane should be an <ul>,Bug,,,,2
3540633,"508: [AdvanceFlow] [Client Communication Template] [1.1.1]: Success icon in 'Draft Requests created from template"" toast needs alt text",Bug,,,,2
3541565,"508: [AdvanceFlow] [Client Communication Template] [4.1.2]: Edit and delete buttons in ""create new template' list need proper roles",Bug,,,,2
3541594,"508: [AdvanceFlow] [Client Communication Template] [2.4.7]: Visible focus lost on buttons in  ""create new template' list",Bug,,,,3
3541643,"508: [AdvanceFlow] [Client Communication Template] [1.1.1]:' Create new template' button at the top of  ""create new template' list needs alt text",Bug,,,,2
3541966,508: [AdvanceFlow] [Client Communication Template] [1.1.1]: Window splitter needs accurate alt text,Bug,,,,2
3543170,508: [AdvanceFlow] [Client Communication Template] [1.3.1]: Window splitter does not indicate spiltter's position on the page,Bug,,,,2
3543194,508: [AdvanceFlow] [Client Communication Template] [3.3.2]: 'Copy template' modal needs visible and programmatic label for its input,Bug,,,,2
3543199,508: [AdvanceFlow] [Client Communication Template] [1.1.1]: 'Copy template' modal close button needs correct alt text,Bug,,,,2
3543247,508: [AdvanceFlow] [Client Communication Template] [1.3.1]: 'Copy template' modal needs its required field marked,Bug,,,,2
3543276,508: [AdvanceFlow] [Client Communication Template] [1.3.1]: 'Copy template' modal error is not announced to screen readers,Bug,,,,2
3543961,508: [AdvanceFlow] [Client Communication Template] [1.3.1]: 'Document request template' form errors are not announced to screen readers,Bug,,,,2
3544012,508: [AdvanceFlow] [Client Communication Template] [1.3.1]: Title field on 'Document request template' needs programmatic label,Bug,,,,2
3544064,508: [AdvanceFlow] [Client Communication Template] [1.1.1]: Remove main request template button on 'Document request template' needs programmatic label,Bug,,,,2
3544098,508: [AdvanceFlow] [Client Communication Template] [4.1.2]: Remove main request template modal on 'Document request template' not announced by screen reader,Bug,,,,2
3544109,508: [AdvanceFlow] [Client Communication Template] [2.1.1]: Remove main request template button on 'Document request template' is not keyboard operable,Bug,,,,3
3544146,"508: [AdvanceFlow] [Client Communication Template] [4.1.2]: Subrequest fields ""Name of document or form"" and ""Optional"" on 'Document request template' need programmatic labels",Bug,,,,2
3544148,508: [AdvanceFlow] [Client Communication Template] [2.4.3]: Remove button for main and sub requests causes incorrect focus,Bug,,,,3
3545312,508: [AdvanceFlow] [Client Communication Template] [3.2.2]: Pressing 'Add Subrequest' button changes page context with no indication to the user,Bug,,,,3
3545441,508: [AdvanceFlow] [Client Communication Template] [3.2.2]: Pressing 'Add Main Request' button changes page context with no indication to the user,Bug,,,,3
3576411,[EM]:[Journal Entry redesign]:[508]: Filter by condition/filter by Value are links when they should function as tabs.,Bug,,,,2
3576418,"[EM]:[Journal Entry redesign]:[508]: in sorting/filter modal, ""Show items where the value"" label is not available via screendreader.",Bug,,,,1
3576428,"[EM]:[Journal Entry redesign]:[508][TR Standard]: in sorting/filter modal, listbox containing checkboxes needs an accessible name",Bug,,,,2
3673299,508: [Engagement Manager] [Journal Entries] [2.1.1]: Avoid placing inactive elements in the focus order,Bug,,,,3
3673300,508: [Engagement Manager] [Journal Entries] [2.1.1]: Ensure all active elements receive keyboard focus or can be activated with the keyboard,Bug,,,,5
3673301,508: [Engagement Manager] [Journal Entries] [1.3.1]: Ensure data tables are formatted using table elements,Bug,,,,3
3673302,"508: [Engagement Manager] [Journal Entries] [4.1.2]: In the account number field of the distribution grid, the cells in the first column are not marked as an input element.",Bug,,,,
3673304,508: [Engagement Manager] [Journal Entries] [TR Standard]: Ensure heading level matches the heading's visual importance/level,Bug,,,,1
3673305,508: [Engagement Manager] [Journal Entries] [4.1.2]: Select account screen checkboxes should have accessible text to list the account number and description,Bug,,,,3
3673306,508: [Engagement Manager] [Journal Entries] [1.3.1]: aria-describedby id reference is invalid,Bug,,,,2
3673307,"508: [Engagement Manager] [Journal Entries] [4.1.2]: Wijmo grid in the select accounts screen has invalid ""aria-describedby"" attribute",Bug,,,,
3673308,508: [Engagement Manager] [Journal Entries] [4.1.3]: Search results for 'select account' page are not properly announced to assistive technology,Bug,,,,3
3673309,"508: [Engagement Manager] [Journal Entries] [2.5.3]: Ensure the badge on ""Review selections"" has appropriate context",Bug,,,,2
3673311,508: [Engagement Manager] [Journal Entries] [4.1.2]: Remove incorrect aria-labelledby from input,Bug,,,,1
3673312,"508: [Engagement Manager] [Journal Entries] [4.1.2]: Aria-level=""3"" on modal subtitle should be removed",Bug,,,,1
3673313,"508: [Engagement Manager] [Journal Entries] [4.1.2]: extra role=""dialog"" is found in saf-dialog component",Bug,,,,1
3673315,508: [Engagement Manager] [Journal Entries] [2.5.3]: Provide a valid label for form fields,Bug,,,,2
3673318,508: [Engagement Manager] [Workpapers] [1.3.1][P3]: Nav toolbar needs unique name,Bug,,,,1
3673319,"508: [Engagement Manager] [Journal Entries] [4.1.2]: Ensure custom controls provide proper textual name, role, and state information",Bug,,,,3
3673320,508: [Engagement Manager] [Workpapers] [3.3.2] [P1]: Ensure headings and labels are descriptive and unique,Bug,,,,2
3673321,508: [Engagement Manager] [Workpapers] [2.1.1][P2]: User cannot rearrange or change size of columns with keyboard alone,Bug,,,,3
3673322,508: [Engagement Manager] [Workpapers] [4.1.2] [P2]: Expand folder and expand recycle bin buttons do not present role or state information,Bug,,,,2
3673325,508: [Engagement Manager] [Journal Entries] [4.1.2]: Ensure data tables are formatted using table elements,Bug,,,,2
3673326,508: [Engagement Manager] [Journal Entries] [4.1.3]: Ensure that search results in 'search' in attach workpaper modal can be determined programmatically without receiving focus,Bug,,,,2
3673327,508: [Engagement Manager] [Journal Entries] [4.1.2][P2]: Sorting status is not being properly announced for 'Attach workpaper reference' grid. + sorting button lacks proper contrast,Bug,,,,
3673328,508: [Engagement Manager] [Journal Entries] [2.1.1][P3]: The order of the columns + column width cannot be changed via keyboard on the 'attach workpaper reference' modal,Bug,,,,3
3673329,508: [Engagement Manager] [Journal Entries] [4.1.2][P4]: Subheading text has an unnecessary aria level 3,Bug,,,,2
3673331,508: [Engagement Manager] [Journal Entries] [1.3.1][P3]: Journal Entry Accounts <ol>should have <li> as direct children,Bug,,,,2
3673332,508: [Engagement Manager] [Journal Entries] [4.1.2][Wijmo Issue][P3]: Ensure filter tabs contain descriptions indicating state and role,Bug,,,,3
3673333,508: [Engagement Manager] [Journal Entries] [2.4.7][Wijmo issue][P3]: uneven visual focus on Wijmo filter,Bug,,,,2
3673334,508: [Engagement Manager] [Journal Entries] [3.3.2] [Wijmo issue] [P3]: Provide visual labels or instructions for user input,Bug,,,,2
3673335,508: [Engagement Manager] [Journal Entries] [2.5.3] [P1]: select checkbox on Journal Entries grid needs a programmatic label,Bug,,,,1
3673337,508: [Engagement Manager] [Journal Entries] [1.4.3] [P3]: Links in reference section of journal entry grid need higher contrast,Bug,,,,2
3752444,508: [Engagement Manager] [Journal Entries] [2.4.3]: Ensure focus and functionality of drag and drop movement menu function correctly,Bug,,,,5
3950272,508: [Journal Entries][1.4.3]: Contrast ratio is less than minimum required ratio 4.5.:1 for the text.,Bug,,,,2
3950286,508: [Journal Entries][1.3.1]: Label name is not defined for the checkboxes.,Bug,,,,2
3954373,508: [Journal Entries][2.4.3]: Focus is not moving sequential order in the table elements while using TAB key.,Bug,,,,3
3954374,508: [Journal Entries][4.1.2]: NVDA is not narrating the role information for the table elements while using TAB key.,Bug,,,,2
3954375,508: [Journal Entries][4.1.2]: Unnecessary aria required role is defined for the table elements.,Bug,,,,2
3954376,508: [Journal Entries][1.3.1]: List markup is not defined for the elements.,Bug,,,,2
3954377,508: [Journal Entries][4.1.2]: Incorrect accessible name is defined for the button.,Bug,,,,2
3954378,508: [Journal Entries][1.3.2]: Focus is moving twice to the elements in reading order while using NVDA scan mode(arrow keys).,Bug,,,,2
3954379,508: [Journal Entries][1.4.10]: On resizing the page into 400% zoom content is not visible and truncated.,Bug,,,,5
3954380,508:[Journal Entries][1.4.4]: On resizing the page into 200% zoom content is overlapped.,Bug,,,,3
3954407,508: [Journal Entries][2.4.3]: Screen reader Focus is not moving to the dialog elements once the dialog is opened.,Bug,,,,3
3954408,508: [Journal Entries][1.3.1]: Heading is not defined for the text in the dialog.,Bug,,,,2
3954410,508: [Journal Entries][2.4.3]: Focus is moving to the hidden element 0 while using TAB Key.,Bug,,,,3
3954412,508: [Journal Entries][2.1.1]: Tabindex = -1 is defined for the checkboxes.,Bug,,,,3
3954413,508: [Journal Entries][4.1.2]: Incorrect role is defined as link for the tab elements.,Bug,,,,2
3954414,508: [Journal Entries][1.4.3]: Contrast ratio is less than minimum required ratio 4.5:1 for the text.,Bug,,,,2
3954415,508: [Journal Entries][2.1.1]: Unable to expand the combo box using enter or space key and access the elements using arrow or tab key.,Bug,,,,3
3954416,508: [Journal Entries][TR Ideal]: Two H1 headings are defined in the page.,Bug,,,,2
3954425,508: [Journal Entries][4.1.2]: NVDA is not narrating the edit field information for the text fields.,Bug,,,,2
3954432,508: [Journal Entries][2.4.3]: Focus is moving to blank and non interactive text while using TAB key in the table.,Bug,,,,3
3954443,508: [Journal Entries][4.1.2]: Incorrect role is defined as link for the remove button.,Bug,,,,2
3954451,508: [Journal Entries][2.4.3]: Focus is not moving to the attach button after selecting the value in combo box while using TAB key.,Bug,,,,3
3954455,508: [Journal Entries][4.1.2]: Unnecessary aria required role is defined for the table elements in Add journal entry page.,Bug,,,,2
3954456,508: [Journal Entries][2.1.2]: Keyboard trap at back button while using TAB key.,Bug,,,,3
3954465,508: [Journal Entries][2.4.3]: Focus is not moving in sequential order in the dialog while using TAB key.,Bug,,,,3
3954472,508: [Journal Entries][2.4.3]: Focus is moving hidden elements keyboard alone using TAB key in the dialog.,Bug,,,,3
3954491,508: [Journal Entries][4.1.2]: NVDA is not narrating name and role of the radio buttons.,Bug,,,,2
3954508,508: [Journal Entries][2.4.3]: Focus is not moving to the search field and search button while using TAB key.,Bug,,,,3
3954516,508: [Journal Entries][4.1.2]: Accessible name is not defined for the buttons.,Bug,,,,2
3954544,508: [Journal Entries][1.4.10]: On resizing the page into 400% zoom table content not visible.,Bug,,,,5
3954616,508: [Journal Entries][1.3.1]: Unnecessary heading is defined for the search text.,Bug,,,,2
3954619,508: [Journal Entries][4.1.2]: NVDA is not conveying the information opens a dialog for the search button.,Bug,,,,2
3954623,508: [Journal Entries][4.1.2]: Incorrect aria label is not defined for the remove all button.,Bug,,,,2
3954634,508: [Journal Entries][4.1.2]: Button name is not descriptive.,Bug,,,,2
3954650,508: [Journal Entries][2.5.3]: Visual label and aria label name is defined with different name for the buttons.,Bug,,,,2
3954657,508: [Journal Entries][2.5.3]: Visual label and aria label name is defined with different name for the close button.,Bug,,,,2
3954676,508: [Journal Entries][1.3.1]: List markup is not defined for the elements.,Bug,,,,2
3954696,508: [Journal Entries][4.1.2]: Aria label is not defined for the switch control.,Bug,,,,2
3954704,508: [Journal Entries][4.1.3]: Screen reader is not conveying any updated information after clicking the splitter buttons.,Bug,,,,2
3954706,508: [Journal Entries][2.1.2]: Keyboard trap at table in the journal entry section while using TAB and shift tab key.,Bug,,,,3
3954838,508:[Journal Entries][1.3.1]: Heading is not defined for the journal entry text.,Bug,,,,2
3954842,508: [Journal Entries][1.4.3]: Contrast ratio is less than minimum required ratio 4.5:1 for the AP 10 text.,Bug,,,,2
3964733,508: [Journal Entries][1.4.11]: Contrast ratio is less than minimum required ratio 3:1 for the close icon.,Bug,,,,2
3964745,508: [Journal Entries][1.4.11]: Contrast ratio is less than minimum required ratio 3:1 for the icons.,Bug,,,,2
3971039,508: [Engagement Manager][Home][2.4.2]: Page title does not contain page topic or purpose.,Bug,,,,2
3971043,508: [Engagement Manager][Home][2.4.6]: The persistent input label is not descriptive.,Bug,,,,2
3971083,508: [Engagement Manager][Home][1.4.3]: Insufficient link text contrast.,Bug,,,,2
3971089,508: [Engagement Manager][Home][1.4.11]: Insufficient icon contrast for close button in Welcome dialog.,Bug,,,,2
3971092,508: [Engagement Manager][Home][1.4.11]: Insufficient contrast for X icon.,Bug,,,,2
3971101,508: [Engagement Manager][Home][1.4.13]: Tooltip disappears when the pointer is moved to it.,Bug,,,,2
3971112,508: [Engagement Manager][Home][2.1.1]: Elements in the table are not keyboard operable/reachable.,Bug,,,,3
3971116,508: [Engagement Manager][Home][4.1.2]: Missing role from interactive element.,Bug,,,,2
3971125,508: [Engagement Manager][Home][4.1.2]: [2.5.6]Checkbox without accessible name.,Bug,,,,2
3971128,508: [Engagement Manager][Home][1.3.1]: Incorrect row count.,Bug,,,,2
3971130,508: [Engagement Manager][Home][2.4.7]: Focus is not visible in the link.,Bug,,,,3
3971131,"508: [Engagement Manager][Home][1.3.1]: Missing heading level from ""Welcome to Engagement Manager"".",Bug,,,,2
3971134,"508: [Engagement Manager][Home][1.3.1]: Missing heading level from ""Select Client"".",Bug,,,,2
3971136,"508: [Engagement Manager][Home][1.3.1]: Missing heading level from ""!23JanRelease"".",Bug,,,,2
3971167,508: [Engagement Manager][Home][4.1.2]: Missing accessible name for Welcome dialog,Bug,,,,2
3971181,508: [Engagement Manager][Home][4.1.2]: Missing accessible name for Select Client dialog.,Bug,,,,2
3971195,508: [Engagement Manager][Home][2.1.1]: Scrollable area without keyboard access,Bug,,,,3
3971201,"508: [Engagement Manager][Home][2.1.1]: Scrollable area ""engagement names"" without keyboard access.",Bug,,,,3
3971206,508: [Engagement Manager][Home][2.4.3]: Not possible to dismiss the dialog using the esc key,Bug,,,,3
3971305,508: [Engagement Manager][Add engagement][1.3.2]: Element with aria-hidden receives focus (Step1),Bug,,,,2
3971336,508: [Engagement Manager][Add engagement][4.1.2]: Invalid aria attribute on tabpanels,Bug,,,,2
3971390,"508: [Engagement Manager][Add engagement][1.3.1]: Form fields' labels improperly marked as headings (Steps 3, 4, and 6)",Bug,,,,2
3971415,508: [Engagement Manager][Add engagement][1.1.1]: Alert / Error icon is not conveyed by NVDA,Bug,,,,2
3971427,"508: [Engagement Manager][Add engagement][1.3.1]: ""Select engagement"" dialog - List with 8 items conveyed as 2 lists with 4 items each (step2)",Bug,,,,2
3971444,508: [Engagement Manager][Add engagement][4.1.2]: Calendar buttons lack unique and descriptive name (steps 4 and 6),Bug,,,,2
3971474,"508: [Engagement Manager][Add engagement][2.1.1]: Scrollable grid cannot be scrolled, nor clients can be selected (steps 1 and 2)",Bug,,,,3
3971482,508: [Engagement Manager][Add engagement][2.1.1]: Clients grid's sorting controls not focusable / operable (steps 1 and 2),Bug,,,,3
3971495,508: [Engagement Manager][Add engagement][2.1.1]: Info buttons not focusable / operable (steps 2 and 4),Bug,,,,3
3971534,"508: [Engagement Manager][Add engagement][2.4.3]: Focus order is illogical within ""Account Groupings"" grid (step 5)",Bug,,,,3
3971550,"508: [Engagement Manager][Add engagement][2.4.7]: ""Next step"" control lacks visual focus indicator",Bug,,,,3
3973701,"508: [Engagement Manager][Add engagement][2.4.3]: After activating ""Cancel"" focus does not return to the triggering control",Bug,,,,3
3973725,"508: [Engagement Manager][Add engagement][3.2.2]: Forcibly shifted focus after selecting an ""Engagement Source*"" option (step 2)",Bug,,,,3
3973801,508: [Engagement Manager][Add engagement][2.4.3]: Focus is improperly managed in the Select/Change client and engagement dialog (step 2),Bug,,,,3
3973829,"508: [Engagement Manager][Add engagement][4.1.2][4.1.3]: ""i"" control which opens a tooltip on activation lacks role and name. tooltip not conveyed (step 2)",Bug,,,,2
3973839,"508: [Engagement Manager][Add engagement][4.1.2]: Input inappropriately nested within the ""Enable Confirmation"" switch (step 2)",Bug,,,,2
3973845,"508: [Engagement Manager][Add engagement][4.1.2]: Comboboxes lack name and aria attributes, they are improperly formed with two focusable elements",Bug,,,,2
3973903,508: [Engagement Manager][Add engagement][1.4.11]: Comboboxes' options focused and selected indicators fail contrast requirement of 3:1,Bug,,,,2
3973913,"508: [Engagement Manager][Add engagement][2.4.7]: No focus indicator for ""Engagement Type"" combobox (step 3)",Bug,,,,3
3973928,"508: [Engagement Manager][Add engagement][2.4.7]: The options (checkboxes) within the ""Assigned staff"" dialog lack focus indicator (step 3)",Bug,,,,3
3973932,"508: [Engagement Manager][Add engagement][TR Standard]: Inappropriate focus management and code structure for tab controls in ""Assigned staff"" (step 3)",Bug,,,,2
3973981,"508: [Engagement Manager][Add engagement][4.1.2]: Checkboxes nested within options in the ""Assigned staff"" dialog (step 3)",Bug,,,,2
3974001,"508: [Engagement Manager][Add engagement][1.3.1]: Options' labels in the ""Assigned staff"" dialog conveyed as lists (step 3)",Bug,,,,2
3974008,"508: [Engagement Manager][Add engagement][4.1.2]: Dialogs lack name (Steps 2, 3, 4, and 6)",Bug,,,,2
3974010,"508: [Engagement Manager][Add engagement][4.1.2]: ""Add engagement"" dialog lacks name and role",Bug,,,,2
3974033,"508: [Engagement Manager][Add engagement][2.4.3]: Invisible element receives focus in step 1, and in ""Select Client"" dialog (step 2)",Bug,,,,3
3974034,508: [Engagement Manager][Add engagement][2.4.3]: Invisible element receives focus after Account Grouping checkboxes (step 5),Bug,,,,3
3974039,"508: [Engagement Manager][Add engagement][3.3.2]: Form fields visually marked as required but they aren't, and none is programmatically marked as required",Bug,,,,2
3974282,508: [Engagement Manager][Communications][4.1.2]: 'Previous' Button does not have accessible name,Bug,,,,2
3974296,508: [Engagement Manager][Communications][4.1.2]: Check box element does not have any label,Bug,,,,2
3974348,508: [Engagement Manager][Communications][2.4.3]: Focus is moving to blank elements in the page which is affecting focus order,Bug,,,,3
3974391,508: [Engagement Manager][Communications][4.1.2]: Button does not have an accessible name,Bug,,,,2
3974506,"508: [Engagement Manager][Add engagement][1.3.1]: Multiple <h1> in ""Add engagement""",Bug,,,,2
3974527,"508: [Engagement Manager][Add engagement][1.3.2]: Inaccurate reading order for ""Required*"" (step 2)",Bug,,,,2
3974559,508: [Engagement Manager][Add engagement][3.3.2]: Missing persistent visual labels for Filter inputs (steps 1 and 2),Bug,,,,2
3974586,508: [Engagement Manager][Add engagement][1.4.1]: Color with less than 3:1 contrast is used to indicate selected element(s) within grids,Bug,,,,2
3974588,508: [Engagement Manager][Communications][1.3.1]: NVDA is not announcing the associated label for toggle controls,Bug,,,,2
3974622,508: [Engagement Manager][Communications][3.3.2]: The visual label is missing for the edit field.,Bug,,,,2
3974630,508: [Engagement Manager][Add engagement][4.1.2]: Selectable elements within the grid lack role and state & grid lacks name (steps 1 and 2),Bug,,,,2
3974749,508: [Engagement Manager][Communications][4.1.2]: Calendar button does not have discernible name,Bug,,,,2
3974775,508: [Engagement Manager][Communications][4.1.2]: Aria-label is not defined for the edit field,Bug,,,,2
3974812,508: [Engagement Manager][Communications][2.4.3]: Keyboard focus moving to the hidden element,Bug,,,,3
3974864,508: [Engagement Manager][Communications][4.1.2]: form element dos not have label,Bug,,,,2
3974868,"508: [Engagement Manager][Add engagement][4.1.2]: ""i"" (Prior year input usage) lacks role (step 4)",Bug,,,,2
3974883,508: [Engagement Manager][Communications][1.4.11]: Insufficient color contrast ratio for the Close button.,Bug,,,,2
3974913,508: [Engagement Manager][Communications][1.3.1]: Heading not marked up semantically,Bug,,,,2
3974927,508: [Engagement Manager][Communications][2.4.7]:  Keyboard focus indicator is not visible,Bug,,,,3
3974930,508: [Engagement Manager][Add engagement][4.1.2]: Accordion inaccurately marked as a tablist (step 4),Bug,,,,2
3974944,"508: [Engagement Manager][Communications][4.1.2]:   State is not conveyed by NVDA for ""Advanced options"" button",Bug,,,,2
3974977,508: [Engagement Manager][Communications][1.3.1]: Error message is not programmatically associated with 'days' edit field,Bug,,,,2
3974979,508: [Engagement Manager][Add engagement][2.4.3]: Focus is not placed on top of new content when reaching step 5,Bug,,,,3
3975179,508: [Engagement Manager][Add engagement][4.1.2]: Reset alertdialog lacks name (step 4 - Reporting Periods),Bug,,,,2
3975186,"508: [Engagement Manager][Add engagement][2.4.3]: If step 6 is available, focus is placed on the first Account Grouping option when step 5 loads",Bug,,,,3
3975220,508: [Engagement Manager][Add engagement][TR Standard]: Data is automatically deleted when focus leaves the date input (step 4 and 6),Bug,,,,3
3975229,"508: [Engagement Manager][Add engagement][1.4.12]: Steps' info is cut off when text spacing is overridden at 100%, 200% and 400% zoom",Bug,,,,5
3975379,508: [Engagement Manager][Add engagement][1.4.4]: Content is cut off or overlaps at 200% zoom,Bug,,,,5
3975391,"508: [Engagement Manager][Add engagement][1.3.1]: Error message not related to input or not displayed (steps 2, 3, 4, and 6)",Bug,,,,2
3975779,"508: [Engagement Manager][Status][1.4.3]: Color contrast ratio failed for the ""status bar"" text in the ""Workpaper Completion by Individual Sign Off"" card under ""status dashboard"".",Bug,,,,2
3975792,[Accessibility][508][2025.5.0] Invisible Button with no functionality is observed on communications dashboard,Bug,,,,2
3975796,508: [Engagement Manager][Properties][4.1.2]: No role is provided for Properties,Bug,,,,2
3975817,"508: [Engagement Manager][Communications][TR Standard]: Incorrect required property defined for ""Select client contact * "" combo box edit field.",Bug,,,,2
3975824,508: [Engagement Manager][Communications][1.3.1]:  Position count is not announced by NVDA for the list items,Bug,,,,2
3975844,508: [Engagement Manager][Communications][TR Standard]: H1 heading is not defined on the page,Bug,,,,2
3975886,508: [Engagement Manager][Communications][2.1.2]: Keyboard trap is displayed in the Edit box element,Bug,,,,3
3975907,"508: [Engagement Manager][Trail balance][1.4.11]: Close (""X"") icon lacks 3:1 contrast ratio.",Bug,,,,2
3975926,508: [Engagement Manager][Communications][4.1.2]: NVDA does not convey the name of dialog,Bug,,,,2
3975956,"508: [Engagement Manager][Trail balance][1.3.1]: Heading markup is missing for ""Assign Account"".",Bug,,,,2
3975985,508: [Engagement Manager][Trail balance][TR Standard]: Two H1 headings are defined in the page.,Bug,,,,2
3976043,"508: [Engagement Manager][Trail balance][3.3.2]: Missing Persistent Labels for ""Search Accounts"" and ""Search Description"" Fields.",Bug,,,,2
3976113,508: [Engagement Manager][Communications][4.1.3]: NVDA is not announcing the search result information.,Bug,,,,2
3976138,508: [Engagement Manager][Communications][4.1.3]: Updated message is not getting conveyed to the screen reader user,Bug,,,,2
3976156,508: [Engagement Manager][Properties][4.1.2]: Expanded state of properties is not announced by screen reader,Bug,,,,2
3976183,"508: [Engagement Manager][Trail balance][2.1.1]: Table headers ""Account"" and ""Description"" are not keyboard operable.",Bug,,,,3
3976193,"508: [Engagement Manager][Status][1.4.3]: Color contrast ratio failed for the ""save"" button under Points of Emphasis card in the status page.",Bug,,,,2
3976210,"508: [Engagement Manager][Trail balance][1.4.10]: Placeholder Text ""Search Accounts"" and ""Search Description"" Not Fully Visible at 400% Zoom.",Bug,,,,5
3976318,508: [Engagement Manager][Status][1.4.10]: User is unable to access complete content in the status page after applying browser zoom to 400%,Bug,,,,5
3976361,508: [Engagement Manager][Communications][2.4.3]: Keyboard focus does not land on triggered control,Bug,,,,3
3976391,508: [Engagement Manager][Communications][2.4.3]: Keyboard focus is not in logical order after closing the dialog,Bug,,,,3
3976445,508: [Engagement Manager][Communications][2.4.3]: Keyboard focus does not moves back to triggered control,Bug,,,,3
3976555,"508: [Engagement Manager][Properties][4.1.2]: No Accessible name and role is provided for Engagement management properties, and Guided assurance properties.",Bug,,,,2
3976600,"508: [Engagement Manager][Properties][1.3.1]: List tag is not implemented for Engagement management properties, and Guided assurance properties.",Bug,,,,2
3976620,508: [Engagement Manager][Communications][2.4.3]: Keyboard focus moving to two different control which encounter same content,Bug,,,,3
3976700,"508: [Engagement Manager][Properties][1.3.1]: Incorrect role radio is provided instead of tab to General, Trail balance, dates, Content and history",Bug,,,,2
3976742,"508: [Engagement Manager][Trail balance][1.4.4]: Content on ""Balance Definitions"" Page Is Not Fully Visible at 200% Zoom.",Bug,,,,5
3976746,"508: [Engagement Manager][Properties][4.1.2]: Incorrect state checked is announced instead of Selected for General, Trail balance, dates, Content and history",Bug,,,,2
3976750,"508: [Engagement Manager][Properties][2.4.7]: Focus outline is not clearly visible on ""Go Back button""",Bug,,,,3
3976799,508: [Engagement Manager][Trail balance][1.4.10]: On zooming the page into 400% zoom content is not visible and truncated.,Bug,,,,5
3976847,508: [Engagement Manager][Communications][1.4.3]: Contrast ratio of text is fails with the background,Bug,,,,2
3976862,508: [Engagement Manager][Communications][1.3.1]: unnecessary heading is defined in the dialog,Bug,,,,2
3977061,508: [Engagement Manager][Properties][1.3.1]: Heading level is not defined in proper hierarchy as H3 is not present on the page,Bug,,,,2
3977128,508: [Engagement Manager][Properties][1.3.1]: Structure label is not associated with its combo box,Bug,,,,2
3977206,508: [Engagement Manager][Properties][1.3.1]: Structure combo box Content is not announced by screen reader,Bug,,,,2
3977213,508: [Engagement Manager][Properties][4.1.2]: The selected content of 'Structure' combo box is not announced by the screen reader,Bug,,,,2
3977387,508: [Engagement Manager][Properties][1.3.1]: Required field is not announced by screen reader for MASK Required field,Bug,,,,2
3977408,"508: [Engagement Manager][Properties][1.3.1]: Unnecessarily heading markup is implemented for Year end date, Period frequency, Prior years, current Period.",Bug,,,,2
3977416,"508: [Engagement Manager][Properties][4.1.2]: Incorrect role tab is defined instead of accordion to Prior Period years 2024,2023,2022....",Bug,,,,2
3977422,"508: [Engagement Manager][Properties][1.3.1]: Accordion 2024,2023,2022.... is not tagged as heading",Bug,,,,2
3977429,508: [Engagement Manager][Properties][1.3.1]: Unnecessarily Period 1 is markup as heading,Bug,,,,2
3977502,508: [Engagement Manager][Communications][2.1.1]: 'x' button in search edit field is not accessible with keyboard,Bug,,,,3
3977527,508: [Engagement Manager][Communications][3.2.2]: Without user input radio button is going automatically unselected state,Bug,,,,3
3977532,508: [Engagement Manager][Trail balance][4.1.2]: Form elements must have labels for checkboxes in the table.,Bug,,,,2
3977551,508: [Engagement Manager][Communications][TR Standard]: Keyboard focus does not lands on first input field of newly appeared content,Bug,,,,3
3977568,"508: [Engagement Manager][Properties][1.3.1]: Unnecessarily Beginning ending, Report release, Calculated from, Duration, Completion date  is markup as heading",Bug,,,,2
3977602,508: [Engagement Manager][Communications][1.3.1]: Unnecessary heading is defined for label and controls present  on screen,Bug,,,,2
3977612,"508: [Engagement Manager][Communications][2.1.1]: expand all' and ""collapse all"" controls are operable with keyboard",Bug,,,,2
3977650,508: [Engagement Manager][Communications][2.1.1]: Sortable column headers of the table are not keyboard operable,Bug,,,,3
3977652,508: [Engagement Manager][Properties][1.3.1]: Unnecessarily Source Guided assurance is markup as heading,Bug,,,,2
3977659,"508: [Engagement Manager][Trail balance][4.1.3]: Loading Indicator in ""Assign Account"" Modal Is Not Automatically Announced",Bug,,,,3
3980534,508: [Engagement Manager][Workpapers][4.1.2]: Unnecessary role presentation is defined in the list.,Bug,,,,2
3980535,508: [Engagement Manager][Workpapers][4.1.2]: Unnecessary role group is defined in the list.,Bug,,,,2
3980536,508: [Engagement Manager][Workpapers][4.1.2]: Aria label is not defined for the switch control.,Bug,,,,2
3980542,508: [Engagement Manager][Workpapers][2.5.3]: Incorrect aria label toggle is defined for the columns button.,Bug,,,,2
3980543,508: [Engagement Manager][Workpapers][4.1.2]: Aria label is not defined for the buttons.,Bug,,,,2
3980544,508: [Engagement Manager][Workpapers][2.1.1]: Unable to access the checkboxes using keyboard.,Bug,,,,3
3980545,508: [Engagement Manager][Workpapers][1.3.1]: Table markup is not defined correctly.,Bug,,,,2
3980611,508: [Engagement Manager][Workpapers][2.1.1]: Tree view elements are not focusable using keyboard.,Bug,,,,3
3980612,508: [Engagement Manager][Workpapers][4.1.2]: Aria label is not defined for the expand and collapse buttons.,Bug,,,,2
3980685,508: [Engagement Manager][Workpapers][2.1.1]: Unable to close the columns expanded section using ESC key.,Bug,,,,3
3980686,508: [Engagement Manager][Header][2.4.3]: Focus is moving to twice to the help and support button while using TAB key.,Bug,,,,3
3980688,508: [Engagement Manager][Header][3.2.2]: Screen reader focus is moving to the profile icon and activating after clicking the navigation button.,Bug,,,,3
3980718,508: [Engagement Manager][Workpapers][4.1.2]: Aria label is not defined for the checkboxes.,Bug,,,,2
3980719,508: [Engagement Manager][Workpapers][2.4.7]: Keyboard focus is not visible on buttons while using TAB key.,Bug,,,,2
3980720,508: [Engagement Manager][Workpapers][2.4.3]: Focus is moving to the hidden elements while using TAB Key.,Bug,,,,3
3980722,508: [Engagement Manager][Workpapers][4.1.2]: Unnecessary aria controls attribute is defined for the list markup.,Bug,,,,2
3980731,508: [Engagement Manager][Workpapers][4.1.2]: Aria current = page attribute is not defined for the left navigation links.,Bug,,,,2
3980732,508: [Engagement Manager][Workpapers][1.4.3]: Contrast ratio is less than minimum required ratio 4.5:1 for the hover text.,Bug,,,,2
3980733,508: [Engagement Manager][Workpapers][1.4.11]: Contrast ratio is less than minimum required ratio 3:1 for the icons.,Bug,,,,2
3980734,508: [Engagement Manager][Workpapers][1.3.1]: Heading is not defined for the add folder text.,Bug,,,,2
3980735,508: [Engagement Manager][Workpapers][1.4.11]: Contrast ratio is less than minimum required ratio 3:1 for the close icon.,Bug,,,,2
3980736,508: [Engagement Manager][Workpapers][1.3.1]: Label name is not defined for the name edit field.,Bug,,,,2
3980737,508: [Engagement Manager][Workpapers][2.4.3]: Focus is not landing on the dialog heading or first interactive element close button once the dialog is displayed.,Bug,,,,3
3980738,508: [Engagement Manager][Workpapers][2.4.3]: After closing the dialog focus is not moves back to the trigger element.,Bug,,,,3
3980739,508: [Engagement Manager][Workpapers][1.3.1]: Label is not defined for the combo boxes.,Bug,,,,2
3980740,508: [Engagement Manager][Workpapers][2.4.3]: Focus is moving twice to the combo boxes while using TAB key.,Bug,,,,3
3980741,508: [Engagement Manager][Workpapers][4.1.2]: Incorrect role is defined for the combo boxes.,Bug,,,,2
3980742,508: [Engagement Manager][Workpapers][4.1.2]: Incorrect role is defined for the Assigned to combo box.,Bug,,,,2
3980743,508: [Engagement Manager][Workpapers][1.3.1]: Unnecessary table is defined in the list.,Bug,,,,2
3980744,508: [Engagement Manager][Workpapers][1.3.1]: Label name is not defined for the edit field.,Bug,,,,2
3980745,508: [Engagement Manager][Workpapers][2.1.1]: Unable to access the buttons using keyboard.,Bug,,,,3
3980746,508: [Engagement Manager][Workpapers][1.3.1]: Label name is not defined for the source combo box.,Bug,,,,2
3980764,508: [Engagement Manager][Workpapers][1.3.1]: Heading is not defined for the workpapers text.,Bug,,,,2
3980766,508: [Engagement Manager][Workpapers][1.3.1]: Unnecessary headings are defined for the tab elements.,Bug,,,,2
3980768,508: [Engagement Manager][Workpapers][1.3.1]: Heading is not defined for the import file text.,Bug,,,,2
3980770,508: [Engagement Manager][Workpapers][2.4.3]: Focus is moving to the whole content while using TAB Key.,Bug,,,,3
3980771,508: [Engagement Manager][Workpapers][2.4.3]: Focus is moving to the hidden elements while using TAB key.,Bug,,,,3
3980772,508: [Engagement Manager][Workpapers][2.4.3]: After remove the attachment Focus is not moves back to the browse for file button.,Bug,,,,3
3980773,508: [Engagement Manager][Workpapers][4.1.2]: NVDA is not narrating the role information for the table elements while using TAB key.,Bug,,,,2
3980775,508: [Engagement Manager][Workpapers][4.1.2]: Accessible name is not defined for the switch control.,Bug,,,,2
3980776,508: [Engagement Manager][Workpapers][2.1.1]: Unable to access the table elements using keyboard.,Bug,,,,3
3980778,508: [Engagement Manager][Workpapers][1.3.1]: Checkboxes are not grouped.,Bug,,,,2
3980781,508: [Engagement Manager][Workpapers][1.3.1]: Unable to access the table elements using keyboard.,Bug,,,,3
3980782,508: [Engagement Manager][Workpapers][2.4.7]: Focus is not visible on the search button in the table while using TAB key.,Bug,,,,3
3980785,508: [Engagement Manager][Workpapers][4.1.2]: Accessible name is not defined for the search buttons.,Bug,,,,2
3980792,508: [Engagement Manager][Workpapers][4.1.2]: Name and role are not defined for the buttons.,Bug,,,,2
3980806,508: [Engagement Manager][Workpapers][4.1.2]: Incorrect role is defined as radio for the tab elements.,Bug,,,,2
3980830,508: [Engagement Manager][Workpapers][1.3.1]: Label name is not defined for the combo boxes in the workpaper properties page.,Bug,,,,2
3980870,508: [Engagement Manager][Workpapers][4.1.2]: NVDA is not narrating the required state for the combo box.,Bug,,,,2
3980873,508: [Engagement Manager][Workpapers][3.3.2]: Visual label is not defined for the combo box.,Bug,,,,2
3980882,508: [Engagement Manager][Workpapers][1.3.1]: Label name is not defined for the combo box and date field.,Bug,,,,2
3980883,508: [Engagement Manager][Workpapers][4.1.2]: NVDA is not narrating the required state for the combo box and date field.,Bug,,,,2
3980886,508: [Engagement Manager][Workpapers][4.1.2]: Accessible name is not defined for the date picker button.,Bug,,,,2
3980889,508: [Engagement Manager][Workpapers][1.3.1]: Label name is not defined for the report type combo box.,Bug,,,,2
3980920,508: [Engagement Manager][Workpapers][1.3.1]: Screen reader is narrating the incorrect number of items in the list.,Bug,,,,2
3980921,508: [Engagement Manager][Workpapers][1.3.1]: Radio buttons are not grouped.,Bug,,,,2
3980922,508: [Engagement Manager][Workpapers][4.1.2]: Accessible name is not defined for the checkboxes.,Bug,,,,2
3983018,508: [Engagement Manager][Workpapers][1.3.1]: Checkboxes are not grouped in chart of accounts page.,Bug,,,,2
3983019,508: [Engagement Manager][Workpapers][2.4.7]: Keyboard focus is not visible on filter icon while using TAB key.,Bug,,,,3
3983020,508: [Engagement Manager][Workpapers][2.1.1]: Unable to access the filter icon using Enter or space key.,Bug,,,,3
3983021,508: [Engagement Manager][Workpapers][4.1.2]: Accessible name is not defined for the filter icon.,Bug,,,,2
3983023,508: [Engagement Manager][Workpapers][4.1.2]: Incorrect role is defined for the left navigation elements.,Bug,,,,2
3983024,508: [Engagement Manager][Workpapers][1.3.1]: List markup is not defined for the left navigation template elements.,Bug,,,,2
3983036,508: [Engagement Manager][Workpapers][2.4.3]: Focus is not landing on the first interactive element close button once the dialog is displayed.,Bug,,,,3
3983037,508: [Engagement Manager][Header][2.4.3]: After closing the dialog focus doesn't moves back to the trigger element setup element button.,Bug,,,,3
3983039,508: [Engagement Manager][Setup panel][1.3.1]: Headings are not implemented for the multiple texts.,Bug,,,,2
3983043,508: [Engagement Manager][Setup panel][1.3.1]: List markup is not defined for the elements in the dialog.,Bug,,,,2
3983051,508: [Engagement Manager][Setup panel][4.1.2]: Aria expanded state is not defined for the button.,Bug,,,,2
3983056,508: [Engagement Manager][Help and support][4.1.2]: Incorrect role is defined for the search button.,Bug,,,,2
3983058,508: [Engagement Manager][Help and support][3.3.2]: Visual label is not defined for the search field.,Bug,,,,2
3983063,508: [Engagement Manager][Help and support][4.1.3]: NVDA is not narrating any information after clicking the show more/show less button.,Bug,,,,2
3983070,508: [Engagement Manager][Notifications][4.1.2]: Role is not defined for the tab elements.,Bug,,,,2
3983076,508: [Engagement Manager][External links][4.1.2]: NVDA is not narrating that the link opens in a new window.,Bug,,,,2
3983077,508: [Engagement Manager][External links][1.3.1]: List markup is not defined for the links.,Bug,,,,2
3983084,508: [Engagement Manager][Workpapers][4.1.2]: Aria label is not defined for the checkboxes.,Bug,,,,2
3983093,508: [Engagement Manager][Workpapers][2.1.1]: Unable to access the filter buttons and files in the table using Keyboard.,Bug,,,,3
3983108,508: [Engagement Manager][Workpapers][2.1.1]: Unable to access the remove reference button using keyboard.,Bug,,,,3
3983114,508: [Engagement Manager][Workpapers][4.1.2]: Name and role is not defined for the button.,Bug,,,,2
3983123,508: [Engagement Manager][Workpapers][2.1.1]: Unable to access the expand buttons using keyboard.,Bug,,,,2
3983138,508: [Engagement Manager][Workpapers][1.4.11]: Contrast ratio is less than minimum required ratio 3:1 for the buttons.,Bug,,,,2
3983158,508: [Engagement Manager][Workpapers][1.3.1]: Aria sort attribute is not defined for the table headers.,Bug,,,,2
3983172,508: [Engagement Manager][Workpapers][2.4.3]: Focus is moving twice to the drag and drop control while using TAB key.,Bug,,,,2
3983270,508: [Engagement Manager][Workpapers][2.1.1]: Drag and drop elements are not accessible using keyboard.,Bug,,,,2
3983504,508: [Engagement Manager][Workpapers][1.3.1]: NVDA is not narrating the help text for the items per page combo box.,Bug,,,,5
3983551,508: [Engagement Manager][Notes][1.3.1]: Label name is not defined for the filter combo box.,Bug,,,,2
3983560,508: [Engagement Manager][Notes][2.4.3]: Focus is moving twice to the combo boxes while using TAB key in the notes list page.,Bug,,,,3
3983565,508: [Engagement Manager][Notes][4.1.2]: Incorrect role is defined for the combo boxes in the notes list page.,Bug,,,,3
3983580,508: [Engagement Manager][Notes][2.1.1]: Unable to access the Add filter button using keyboard.,Bug,,,,3
3983586,508: [Engagement Manager][Workpapers][4.1.2]: Name and role is not defined for the Add filter button.,Bug,,,,5
3983712,508: [Engagement Manager][Workpapers][1.4.10]: On resizing the page into 400% zoom content is not visible.,Bug,,,,5
3991991,508: [Engagement Manager][Administration][1.4.11]: Insufficient color contrast ratio for the Close button.,Bug,,,,3
3992085,508: [Engagement Manager][Administration][1.4.1]: Color alone is used for identifying the focused state of the close button.,Bug,,,,3
3992127,508: [Engagement Manager][Administration][2.1.1]: Keyboard user is unable to navigate to Quick Insert button.,Bug,,,,3
3992232,508: [Engagement Manager][Administration][1.3.1]: The visible label of the combo boxes are not programmatically associated.,Bug,,,,3
3992331,508: [Engagement Manager][Administration][2.4.3]: Keyboard focus is going twice to the select only combo boxes.,Bug,,,,3
3992398,508: [Engagement Manager][Administration][4.1.3]: form fields in error announcement,Bug,,,,2
3992488,508: [Engagement Manager][Administration][1.3.1]: The error messages are not programmatically associated.,Bug,,,,3
3992594,508: [Engagement Manager][Administration][1.3.1]: Visual heading of the dialog is not marked with heading element.,Bug,,,,3
3992714,508: [Engagement Manager][Administration][4.1.2]: The iframe element does not have a title attribute.,Bug,,,,3
3992780,508: [Engagement Manager][Administration][1.4.11]: Insufficient color contrast ratio for the custom focus indicator of the toolbar elements.,Bug,,,,2
3992862,508: [Engagement Manager][Administration][1.4.3]: Insufficient color contrast ratio for the OK button text.,Bug,,,,3
3992963,508: [Engagement Manager][Administration][1.4.3]: Insufficient color contrast ratio for the Ok button text in hover/focused state.,Bug,,,,5
3993002,508: [Engagement Manager][Administration][2.1.1]: Keyboard user is unable to navigate to the Color picker buttons.,Bug,,,,2
3993052,508: [Engagement Manager][Administration][2.1.1]: Keyboard user is unable to navigate to Clear Formatting button.,Bug,,,,3
3993108,508: [Engagement Manager][Administration][1.4.11]: Insufficient color contrast ratio for the custom focus indicator of OK button text.,Bug,,,,3
3993162,"508: [Engagement Manager][Administration][1.4.3]: Insufficient color contrast ratio for the text label ""HEX Code"".",Bug,,,,3
3993217,508: [Engagement Manager][Administration][2.4.6]: Descriptive labels are not defined for the Color picker buttons.,Bug,,,,3
3993387,508: [Engagement Manager][Administration][1.3.1]: Visible label of the checkbox is programmatically associated with it.,Bug,,,,5
3993501,508: [Engagement Manager][Administration][2.1.1]: The tooltip content is available only on pointer hover.,Bug,,,,5
3993778,508: [Engagement Manager][Administration][2.4.7]: No visual focus indicator around Terms and Conditions checkbox.,Bug,,,,3
3993779,508: [Engagement Manager][Administration][2.4.7]: No visual focus indicator around the License Agreement link text.,Bug,,,,3
3993780,508: [Engagement Manager][Administration][4.1.2]: Accessible name of the License Agreement check box is not defined programmatically.,Bug,,,,3
3993781,508: [Engagement Manager][Administration][2.4.3]: Incorrect focus order between the Next Step and tab elements.,Bug,,,,3
3993783,508: [Engagement Manager][Administration][1.3.1]: Group label of the form fields are not defined programmatically.,Bug,,,,3
3993788,508: [Engagement Manager][Administration][3.3.2]: Placeholder attribute is used for defining the label of the Date text fields.,Bug,,,,5
3993791,508: [Engagement Manager][Administration][4.1.2]: Accessible name of the Calendar button is not defined.,Bug,,,,3
3993792,508: [Engagement Manager][Administration][1.4.11]: Insufficient color contrast ratio for the focus indicator of the Select Month and Select year dropdown elements.,Bug,,,,3
3993793,508: [Engagement Manager][Administration][2.4.3]: Incorrect focus order between interactive elements in the table.,Bug,,,,3
3993794,508: [Engagement Manager][Administration][2.1.1]: Keyboard user is unable to navigate to the sortable table headers.,Bug,,,,5
3993796,"508: [Engagement Manager][Administration][4.1.2]: Accessible name of the check boxes, Properties, View buttons in the table are not defined.",Bug,,,,3
3993797,508: [Engagement Manager][Administration][2.4.7]: No visual focus indicator around the Previous Step and Next Step buttons.,Bug,,,,5
3993799,"508: [Engagement Manager][Administration][1.4.12]: On text spacing, there is a loss of tab button text in the page.",Bug,,,,3
4080461,"508: [Engagement Manager] [Journal Entries] [4.1.2]:Multiple roles(selected and checked) are defined for radio button presented in ""Attached workflow References"" table",Bug,,,,
4208665,"508: [Engagement Manager][Add engagement][1.4.10]: Content is cut off or overlaps when page is zoomed to 400% (steps1, 2, 3, and 4)",Bug,,,,5
4208679,"508: [Engagement Manager][Administration][1.4.10]: On reflowing the page, there is a loss of content in the page",Bug,,,,3
4208943,508: [AdvanceFlow] [Create request] [1.3.1]: Incorrect heading hierarchy is defined on the page,Bug,,,,2
